{
    "max_2dconv_20t": {
        "no-quant": {
            "x": [
                -0.033377178365277434,
                0.911048759191667
            ],
            "y": [
                -0.02273011234611774,
                0.9038144791182119
            ],
            "cotAlpha": [
                -0.12174321361716187,
                0.9940034207024123
            ],
            "cotBeta": [
                -0.17155049217844356,
                0.9129216698243363
            ]
        },
        "wb-quant": {
            "x": [
                0,
                0
            ],
            "y": [
                0,
                0
            ],
            "cotAlpha": [
                0,
                0
            ],
            "cotBeta": [
                0,
                0
            ]
        },
        "input-dig": {
            "x": [
                0,
                0
            ],
            "y": [
                0,
                0
            ],
            "cotAlpha": [
                0,
                0
            ],
            "cotBeta": [
                0,
                0
            ]
        }
    },
    "full_2dconv_20t": {
        "no-quant": {
            "x": [
                0,
                0
            ],
            "y": [
                0,
                0
            ],
            "cotAlpha": [
                0,
                0
            ],
            "cotBeta": [
                0,
                0
            ]
        },
        "wb-quant": {
            "x": [
                0,
                0
            ],
            "y": [
                0,
                0
            ],
            "cotAlpha": [
                0,
                0
            ],
            "cotBeta": [
                0,
                0
            ]
        },
        "input-dig": {
            "x": [
                0,
                0
            ],
            "y": [
                0,
                0
            ],
            "cotAlpha": [
                0,
                0
            ],
            "cotBeta": [
                0,
                0
            ]
        }
    },
    "max_2dconv_2t": {
        "no-quant": {
            "x": [
                -0.10940057283282967,
                0.9453699092176702
            ],
            "y": [
                -0.199817806009493,
                0.9399623881334249
            ],
            "cotAlpha": [
                -0.17447868341645215,
                0.9367809105589794
            ],
            "cotBeta": [
                -0.11449013678816447,
                0.943879358149484
            ]
        },
        "wb-quant": {
            "x": [
                0.009896378256287607,
                0.9620288822482036
            ],
            "y": [
                -0.057465024896802684,
                0.842517675176459
            ],
            "cotAlpha": [
                -0.07433665545114714,
                0.9893248763523426
            ],
            "cotBeta": [
                -0.1640200187019221,
                0.8762689005624276
            ]
        },
        "input-dig": {
            "x": [
                -0.05447594952195075,
                0.9082456127948142
            ],
            "y": [
                -0.17024724848029935,
                0.9184109524634827
            ],
            "cotAlpha": [
                -0.195644473217175,
                0.8660172279651351
            ],
            "cotBeta": [
                -0.023709025178096768,
                0.7925752014699792
            ]
        }
    },
    "full_2dconv_2t": {
        "no-quant": {
            "x": [
                0,
                0
            ],
            "y": [
                0,
                0
            ],
            "cotAlpha": [
                0,
                0
            ],
            "cotBeta": [
                0,
                0
            ]
        },
        "wb-quant": {
            "x": [
                0,
                0
            ],
            "y": [
                0,
                0
            ],
            "cotAlpha": [
                0,
                0
            ],
            "cotBeta": [
                0,
                0
            ]
        },
        "input-dig": {
            "x": [
                0,
                0
            ],
            "y": [
                0,
                0
            ],
            "cotAlpha": [
                0,
                0
            ],
            "cotBeta": [
                0,
                0
            ]
        }
    },
    "full_1dconv_20t": {
	"no-quant" : {
            "x": [
                0,
                0
            ],
            "y": [
                0,
                0
            ],
            "cotAlpha": [
                0,
                0
            ],
            "cotBeta": [
                0,
                0
            ]
	},
	"wb-quant" : {
            "x": [
                -0.12619568467849004,
                0.9384379186482413
            ],
            "y": [
                -0.3500469599746729,
                0.8732500586643875
            ],
            "cotAlpha": [
                -0.1949618539980797,
                0.9199388962967807
            ],
            "cotBeta": [
                -0.016446750360112616,
                0.8491558102669091
            ]
	},
	"input-dig": {
            "x": [
                -0.20343880265192366,
                0.9176006822222719
            ],
            "y": [
                -0.188494034141709,
                0.922247661113117
            ],
            "cotAlpha": [
                -0.07025613543285797,
                0.9135877174647941
            ],
            "cotBeta": [
                -0.1315660058005367,
                0.9312519505670327
            ]
        }
    },
    "full_1dconv_2t": {
	"no-quant": {
            "x": [
                0,
                0
            ],
            "y": [
                0,
                0
            ],
            "cotAlpha": [
                0,
                0
            ],
            "cotBeta": [
                0,
                0
            ]
	},
	"wb-quant": {
            "x": [
                -0.1130426297015266,
                0.887765139331491
            ],
            "y": [
                -0.09802010024409898,
                0.9044063561055069
            ],
            "cotAlpha": [
                -0.10169348174717681,
                0.8780288969755795
            ],
            "cotBeta": [
                -0.24952152531480634,
                -0.8875034594400407
            ]
        },
        "input-dig": {
            "x": [
                -0.05651971320699919,
                0.9082154587290843
            ],
            "y": [
                -0.1539296385776324,
                0.8712237107196635
            ],
            "cotAlpha": [
                -0.20984148530204644,
                0.8915164301908222
            ],
            "cotBeta": [
                -0.25110045038048345,
                0.8525238166512749
            ]
        }
    },
    "full_mlp_20t": {
	"no-quant": {
            "x": [
                -0.03344679334774419,
                0.9771965711056064
            ],
            "y": [
                -0.13322131676341858,
                0.9363660480640049
            ],
            "cotAlpha": [
                -0.039225851731163094,
                0.9980287365281234
            ],
            "cotBeta": [
                0.04738346562979299,
                0.9215415213048336
            ]
	},
	"wb-quant": {
            "x": [
                0,
                0
            ],
            "y": [
                0,
                0
            ],
            "cotAlpha": [
                0,
                0
            ],
            "cotBeta": [
                0,
                0
            ]
        },