{
    "max_2dconv": {
        "no-quant-20": {
            "x": [
                -0.033377178365277434,
                0.911048759191667
            ],
            "y": [
                -0.02273011234611774,
                0.9038144791182119
            ],
            "cotAlpha": [
                -0.12174321361716187,
                0.9940034207024123
            ],
            "cotBeta": [
                -0.17155049217844356,
                0.9129216698243363
            ]
        },
        "no-quant": {
            "x": [
                -0.10940057283282967,
                0.9453699092176702
            ],
            "y": [
                -0.199817806009493,
                0.9399623881334249
            ],
            "cotAlpha": [
                -0.17447868341645215,
                0.9367809105589794
            ],
            "cotBeta": [
                -0.11449013678816447,
                0.943879358149484
            ]
        },
        "wb-quant": {
            "x": [
                0.009896378256287607,
                0.9620288822482036
            ],
            "y": [
                -0.057465024896802684,
                0.842517675176459
            ],
            "cotAlpha": [
                -0.07433665545114714,
                0.9893248763523426
            ],
            "cotBeta": [
                -0.1640200187019221,
                0.8762689005624276
            ]
        },
        "input-dig": {
            "x": [
                -0.05447594952195075,
                0.9082456127948142
            ],
            "y": [
                -0.17024724848029935,
                0.9184109524634827
            ],
            "cotAlpha": [
                -0.195644473217175,
                0.8660172279651351
            ],
            "cotBeta": [
                -0.023709025178096768,
                0.7925752014699792
            ]
        }
    },
    "max_1dconv": {
        "no-quant-20": {
            "x": [
                0,
                0
            ],
            "y": [
                0,
                0
            ],
            "cotAlpha": [
                0,
                0
            ],
            "cotBeta": [
                0,
                0
            ]
        },
	"no-quant": {
            "x": [
                0,
                0
            ],
            "y": [
                0,
                0
            ],
            "cotAlpha": [
                0,
                0
            ],
            "cotBeta": [
                0,
                0
            ]
	},
	"wb-quant": {
            "x": [
                0,
                0
            ],
            "y": [
                0,
                0
            ],
            "cotAlpha": [
                0,
                0
            ],
            "cotBeta": [
                0,
                0
            ]
	},
	"input-dig": {
            "x": [
                0,
                0
            ],
            "y": [
                0,
                0
            ],
            "cotAlpha": [
                0,
                0
            ],
            "cotBeta": [
                0,
                0
            ]
	}
    },	
    "max_mlp": {
        "no-quant-20": {
            "x": [
                0,
                0
            ],
            "y": [
                0,
                0
            ],
            "cotAlpha": [
                0,
                0
            ],
            "cotBeta": [
                0,
                0
            ]
        },
	"no-quant": {
            "x": [
                0,
                0
            ],
            "y": [
                0,
                0
            ],
            "cotAlpha": [
                0,
                0
            ],
            "cotBeta": [
                0,
                0
            ]
	},
	"wb-quant": {
            "x": [
                0,
                0
            ],
            "y": [
                0,
                0
            ],
            "cotAlpha": [
                0,
                0
            ],
            "cotBeta": [
                0,
                0
            ]
		},
	"input-dig": {
            "x": [
                0,
                0
            ],
            "y": [
                0,
                0
            ],
            "cotAlpha": [
                0,
                0
            ],
            "cotBeta": [
                0,
                0
            ]
	}
    },
    "full_2dconv": {
        "no-quant-20": {
            "x": [
                -0.1929908539045872,
                0.9376027153831064
            ],
            "y": [
                -0.13938538848399223,
                0.9433554794361573
            ],
            "cotAlpha": [
                -0.06658517696488438,
                0.8931167411291109
            ],
            "cotBeta": [
                -0.1389685867636352,
                0.8773684868279767
            ]
        },
        "no-quant": {
            "x": [
		-0.041546440698994797,
                0.9418953071356848
            ],
            "y": [
		-0.10465336022642788,
                0.8892901903934943
            ],
            "cotAlpha": [
		-0.22108614566418228,
                0.9573179940249533
            ],
            "cotBeta": [
		-0.18631838037636594,
                0.9151886995307851
            ]
        },
        "wb-quant": {
            "x": [
		-0.1929908539045872,
                0.9376027153831064
            ],
            "y": [
		-0.13938538848399223,
                0.9433554794361573
            ],
            "cotAlpha": [
		-0.06658517696488438,
                0.8931167411291109
            ],
            "cotBeta": [
		-0.1389685867636352,
                0.8773684868279767
            ]
        },
        "input-dig": {
            "x": [
		-0.08704703679913342,
                0.9300152418129004
            ],
            "y": [
		-0.034956580185323896,
                0.929108110477375
            ],
            "cotAlpha": [
		-0.11384084746050774,
                0.9336278867505756
            ],
            "cotBeta": [
		-0.0774860978259858,
                0.8894822977412215
            ]
        }
    },
    "full_1dconv": {
        "no-quant-20" : {
            "x": [
                0,
                0
            ],
            "y": [
                0,
                0
            ],
            "cotAlpha": [
                0,
                0
            ],
            "cotBeta": [
                0,
                0
            ]
        },
	"no-quant": {
            "x": [
                0,
                0
            ],
            "y": [
                0,
                0
            ],
            "cotAlpha": [
                0,
                0
            ],
            "cotBeta": [
                0,
                0
            ]
	},
	"wb-quant": {
            "x": [
                -0.1130426297015266,
                0.887765139331491
            ],
            "y": [
                -0.09802010024409898,
                0.9044063561055069
            ],
            "cotAlpha": [
                -0.10169348174717681,
                0.8780288969755795
            ],
            "cotBeta": [
                -0.24952152531480634,
                0.8875034594400407
            ]
        },
        "input-dig": {
            "x": [
                -0.05651971320699919,
                0.9082154587290843
            ],
            "y": [
                -0.1539296385776324,
                0.8712237107196635
            ],
            "cotAlpha": [
                -0.20984148530204644,
                0.8915164301908222
            ],
            "cotBeta": [
                -0.25110045038048345,
                0.8525238166512749
            ]
        }
    },