{
    "max_2dconv": {
        "no-quant-20": {
            "x": [
                0.5134610400461356,
                5.1642842292785645,
                5.3719801902771
            ],
            "y": [
                0.054242598831391146,
                1.2608155012130737,
                1.321385145187378
            ],
            "alpha": [
                0.11527908593416214,
                1.2059019804000854,
                1.0126219987869263
            ],
            "beta": [
                0.034811925143003464,
                1.2908086776733398,
                1.4505319595336914
            ]
        },
	"no-quant": {
            "x": [
                0.13498362608339964,
                8.783312797546387,
                7.670809268951416
            ],
            "y": [
                -0.138453952287267,
                2.043583631515503,
                1.816636323928833
            ],
            "alpha": [
                0.3397245407104492,
                1.7407407760620117,
                1.3173646926879883
            ],
            "beta": [
                -0.0025091622956097126,
                2.216546058654785,
                2.48013973236084
            ]
        },
        "wb-quant": {
            "x": [
                1.203296915179716,
                9.80223560333252,
                8.664732933044434
            ],
            "y": [
                0.2077188453765591,
                2.587523937225342,
                2.092829704284668
            ],
            "alpha": [
                0.06383098661899567,
                2.1723058223724365,
                2.085197687149048
            ],
            "beta": [
                0.030467815697193146,
                2.763038396835327,
                3.4521677494049072
            ]
        },
        "input-dig": {
            "x": [
                0.546085582072833,
                9.132026672363281,
                9.399402618408203
            ],
            "y": [
                -0.12214748280218528,
                2.3033127784729004,
                2.1011955738067627
            ],
            "alpha": [
                0.8224360942840576,
                2.73956561088562,
                1.4128239154815674
            ],
            "beta": [
                -0.024308037012815475,
                3.5021660327911377,
                3.1468665599823
            ]
        }
    },
    "max_1dconv": {
        "no-quant-20": {
            "x": [
                0,
                0
            ],
            "y": [
                0,
                0
            ],
            "alpha": [
                0,
                0
            ],
            "beta": [
                0,
                0
            ]
        },
	"no-quant": {
            "x": [
                0,
                0
            ],
            "y": [
                0,
                0
            ],
            "alpha": [
                0,
                0
            ],
            "beta": [
                0,
                0
            ]
		},
	"wb-quant": {
            "x": [
                0,
                0
            ],
            "y": [
                0,
                0
            ],
            "alpha": [
                0,
                0
            ],
            "beta": [
                0,
                0
            ]
		},
	"input-dig": {
            "x": [
                0,
                0
            ],
            "y": [
                0,
                0
            ],
            "alpha": [
                0,
                0
            ],
            "beta": [
                0,
                0
            ]
        }
    },
    "max_mlp": {
	"no-quant-20": {
            "x": [
                0,
                0
            ],
            "y": [
                0,
                0
            ],
            "alpha": [
                0,
                0
            ],
            "beta": [
                0,
                0
            ]
        },
	"no-quant": {
            "x": [
                0,
                0
            ],
            "y": [
                0,
                0
            ],
            "alpha": [
                0,
                0
            ],
            "beta": [
                0,
                0
            ]
        },
	"wb-quant": {
            "x": [
                0,
                0
            ],
            "y": [
                0,
                0
            ],
            "alpha": [
                0,
                0
            ],
            "beta": [
                0,
                0
            ]
        },
	"input-dig": {
            "x": [
                0,
                0
            ],
            "y": [
                0,
                0
            ],
            "alpha": [
                0,
                0
            ],
            "beta": [
                0,
                0
            ]
        }
    },
    "full_2dconv": {
        "no-quant-20": {
            "x": [
                -0.09371665865182877,
                4.384519577026367,
                4.39566707611084
            ],
            "y": [
                -0.18927250802516937,
                0.9158068895339966,
                1.0515164136886597
            ],
            "alpha": [
                0.06615657359361649,
                1.1229069232940674,
                0.9841821789741516

            ],
            "beta": [
                -0.10000667721033096,
                1.0323175191879272,
                1.269447922706604
            ]
        },
        "no-quant": {
            "x": [
		0.39657948571596113,
                7.221704959869385,
                7.298807621002197

            ],
            "y": [
		0.002511038321128661,
                1.6839231252670288,
                1.6541081666946411
            ],
            "alpha": [
		0.27042844891548157,
                1.6932647228240967,
                1.3776237964630127
            ],
            "beta": [
		0.1784406304359436,
                2.0465893745422363,
                1.9419970512390137
            ]
        },
        "wb-quant": {
            "x": [
		-0.647701761106452,
                9.091954231262207,
                8.526387214660645
            ],
            "y": [
		-0.1296521275734124,
                2.065584421157837,
                2.0901753902435303
            ],
            "alpha": [
		-0.26695194840431213,
                1.6183382272720337,
                2.132981777191162
            ],
            "beta": [
		0.1264769285917282,
                2.5602691173553467,
                2.817775011062622
            ]
        },
        "input-dig": {
            "x": [
		0.2685553829961421,
                8.83215618133545,
                8.488862037658691

            ],
            "y": [
		0.1126563850706927,
                1.9561944007873535,
                2.0258166790008545
            ],
            "alpha": [
		0.2969718277454376,
                2.1363272666931152,
                1.5650887489318848
            ],
            "beta": [
		-0.10699448734521866,
                2.2836382389068604,
                2.724151372909546
            ]
        }
    },
    "full_1dconv": {
        "no-quant-20": {
            "x": [
                0,
                0
            ],
            "y": [
                0,
                0
            ],
            "alpha": [
                0,
                0
            ],
            "beta": [
                0,
                0
            ]
        },
	"no-quant": {
            "x": [
                0,
                0
            ],
            "y": [
                0,
                0
            ],
            "alpha": [
                0,
                0
            ],
            "beta": [
                0,
                0
            ]
        },