{
    "max_2dconv_20t": {
        "no-quant": {
            "x": [
                0.5134610400461356,
                7.8462748674802905
            ],
            "y": [
                0.054242598831391146,
                2.2891743703401484
            ],
            "cotAlpha": [
                -0.007706476002712616,
                0.2162809049580949
            ],
            "cotBeta": [
                -0.002206812310118995,
                0.0662097585999036
            ]
        },
        "wb-quant": {
            "x": [
                0,
                1
            ],
            "y": [
                0,
                1
            ],
            "cotAlpha": [
                0,
                1
            ],
            "cotBeta": [
                0,
                1
            ]
        },
        "input-dig": {
            "x": [
                0,
                1
            ],
            "y": [
                0,
                1
            ],
            "cotAlpha": [
                0,
                1
            ],
            "cotBeta": [
                0,
                1
            ]
        }
    },
    "full_2dconv_20t": {
        "no-quant": {
            "x": [
                0,
                1
            ],
            "y": [
                0,
                1
            ],
            "cotAlpha": [
                0,
                1
            ],
            "cotBeta": [
                0,
                1
            ]
        },
        "wb-quant": {
            "x": [
                0,
                1
            ],
            "y": [
                0,
                1
            ],
            "cotAlpha": [
                0,
                1
            ],
            "cotBeta": [
                0,
                1
            ]
        },
        "input-dig": {
            "x": [
                0,
                1
            ],
            "y": [
                0,
                1
            ],
            "cotAlpha": [
                0,
                1
            ],
            "cotBeta": [
                0,
                1
            ]
        }
    },
    "max_2dconv_2t": {
        "no-quant": {
            "x": [
                0.13498362608339964,
                10.407750000451864
            ],
            "y": [
                -0.138453952287267,
                2.7604253431234964
            ],
            "cotAlpha": [
                -0.022000724272793693,
                0.2562949144799465
            ],
            "cotBeta": [
                -0.0010683882957592988,
                0.08865461953825232
            ]
        },
        "wb-quant": {
            "x": [
                1.203296915179716,
                11.544913771946783
            ],
            "y": [
                0.2077188453765591,
                2.968186274808304
            ],
            "cotAlpha": [
                0.004086103241414409,
                0.36666474731788534
            ],
            "cotBeta": [
                -0.005248005131766824,
                0.10877695577041147
            ]
        },
        "input-dig": {
            "x": [
                0.546085582072833,
                11.514532472386692
            ],
            "y": [
                -0.12214748280218528,
                2.9280637478891056
            ],
            "cotAlpha": [
                -0.03859502845355051,
                0.3437946237925206
            ],
            "cotBeta": [
                0.0014287364887188784,
                0.11482395711339538
            ]
        }
    },
    "full_2dconv_2t": {
        "no-quant": {
            "x": [
                0,
                1
            ],
            "y": [
                0,
                1
            ],
            "cotAlpha": [
                0,
                1
            ],
            "cotBeta": [
                0,
                1
            ]
        },
        "wb-quant": {
            "x": [
                0,
                1
            ],
            "y": [
                0,
                1
            ],
            "cotAlpha": [
                0,
                1
            ],
            "cotBeta": [
                0,
                1
            ]
        },
        "input-dig": {
            "x": [
                0,
                1
            ],
            "y": [
                0,
                1
            ],
            "cotAlpha": [
                0,
                1
            ],
            "cotBeta": [
                0,
                1
            ]
        }
    },
    "full_1dconv_20t": {
	"no-quant": {
            "x": [
                0,
                1
            ],
            "y": [
                0,
                1
            ],
            "cotAlpha": [
                0,
                1
            ],
            "cotBeta": [
                0,
                1
            ]
	},
	"wb-quant": {
            "x": [
                0,
                1
            ],
            "y": [
                0,
                1
            ],
            "cotAlpha": [
                0,
                1
            ],
            "cotBeta": [
                0,
                1
            ]
        },
        "input-dig": {
            "x": [
                -0.3107485811886865,
                7.453482584577906
            ],
            "y": [
                -0.14589451314169863,
                2.2393637458630544
            ],
            "cotAlpha": [
                0.015719299397661566,
                0.2812578384949969
            ],
            "cotBeta": [
                -0.0005183232728650198,
                0.14078374611943523
            ]
        }
    },
    "full_1dconv_2t": {
	"no-quant": {
            "x": [
                0,
                1
            ],
            "y": [
                0,
                1
            ],
            "cotAlpha": [
                0,
                1
            ],
            "cotBeta": [
                0,
                1
            ]
        },
	"wb-quant": {
            "x": [
                0,
                1
            ],
            "y": [
                0,
                1
            ],
            "cotAlpha": [
                0,
                1
            ],
            "cotBeta": [
                0,
                1
            ]
        },
        "input-dig": {
            "x": [
                0.5901575710826157,
                9.779237191673444
            ],
            "y": [
                -0.05493063069746951,
                2.6461891566635947
            ],
            "cotAlpha": [
                -0.025479206505151068,
                0.44433183214294036
            ],
            "cotBeta": [
                -0.027280734082304456,
                0.2413698818271939
            ]
        }
    },
    "full_mlp_20t": {
	"no-quant": {
            "x": [
                0.3766610738948833,
                6.041554409745896
            ],
            "y": [
                0.07684543527398115,
                1.8169292182444965
            ],
            "cotAlpha": [
                0.007267288065875251,
                0.20208906947333125
            ],
            "cotBeta": [
                0.0042476089369969175,
                0.054316341831265685
            ]
        },
	"wb-quant": {
            "x": [
                0,
                1
            ],
            "y": [
                0,
                1
            ],
            "cotAlpha": [
                0,
                1
            ],
            "cotBeta": [
                0,
                1
            ]
        },
        "input-dig": {
            "x": [
                0,
                1
            ],
            "y": [
                0,
                1
            ],
            "cotAlpha": [
                0,
                1
            ],