{
    "transformer": {
        "mu": [
            400,
            600,
            800
        ],
        "sigma": [
            40,
            60,
            80
        ]
    },
    "max_conv2d": {
        "mu": [
            340.39917,
            692.5769,
            1651.0703
        ],
        "sigma": [
            40,
            60,
            80
        ]
    },
    "full_conv2d": {
        "mu": [
            331.64667,
            694.51337,
            1680.9939
        ],
        "sigma": [
            40,
            60,
            80
        ]
    },
    "full_conv1d": {
        "mu": [
            400,
            600,
            800
        ],
        "sigma": [
            40,
            60,
            80
        ]
    },
    "full_mlp": {
        "mu": [
            323.87097,
            685.84265,
            1659.854
        ],
        "sigma": [
            40,
            60,
            80
        ]
    },
    "slim_conv2d": {
        "mu": [
            400,
            600,
            800
        ],
        "sigma": [
            40,
            60,
            80
        ]
    },
    "slim_conv1d": {
        "mu": [
            400,
            600,
            800
        ],
        "sigma": [
            40,
            60,
            80
        ]
    },
    "slim_mlp": {
        "mu": [
            298.46442,
            592.7373,
            1479.8743
        ],
        "sigma": [
            40,
            60,
            80
        ]
    }
}